Nom,Rang,Naissance,Mort,Pays,Continent,Domaine,Description,Image,Merged Doc ID - PersonnagesInfuents,Merged Doc URL - PersonnagesInfuents,Link to merged Doc - PersonnagesInfuents,Document Merge Status - PersonnagesInfuents
Aristote,0001,-384,-322,Grèce,Europe,PHILOSOPHE,"Aristote est un philosophe grec de l'Antiquité. Il est l'élève de Platon et est influencé par Socrate.
Selon lui, la science peut être théorique, pratique ou productive.
Il écrit l'Organon : un ensemble de traités dans lesquels la logique est détaillée et présentée comme un outil pour faire avancer la science.
Il est considéré comme le premier à pratiquer les sciences naturelles.
Il découvre que les dauphins ne sont pas des poissons, mais des mammifères.
Il établit une description détaillée de la ruche qui restera inchangée pendant plus de 2'000 ans.
Il est le maître d'Alexandre le Grand, fils de Philippe II de Macédoine, qui est son ami.
Il fonde une école philosophique qui s’appelle le Lycée.
Selon lui, les êtres naturels sont constitués de 5 éléments : la Terre, l'Eau, l'Air, le Feu et l'Éther.
Il démontre que la Terre est ronde.
",https://i.imgur.com/0p6IYbc.jpg,,,,Starting at Thu Feb 24 2022 04:07:32 GMT-0500 (EST)
Platon,0002,-428,-348,Grèce,Europe,PHILOSOPHE,"Platon est un philosophe grec de l'Antiquité. Il est le disciple de Socrate et le Maître d’Aristote.
Il est l'un des premiers philosophes occidentaux.
Son œuvre est principalement composée de dialogues mettant pratiquement tous en scène Socrate.
Il fonde une école appelée l’Académie dont la devise est : ""Que nul n'entre ici s'il n'est géomètre"".
Selon lui, l’âme est composée de 3 puissances : l'appétit, la colère et le raisonnable.
Il est dualiste : l'âme et le corps sont complètement séparés.
Il distingue 5 régimes politiques : 1 régime parfait (l’Aristocratie) et 4 régimes imparfaits (la timocratie, l’oligarchie, la démocratie, la tyrannie).
Il établit la théorie des Formes : les idées existent réellement et constituent ce que nous percevons.
Platon raconte l'histoire d’Atlantide : une île ayant existé vers -9'500 et qui était en avance technologiquement.
",https://i.imgur.com/Vl5gR6l.jpg,,,,Starting at Thu Feb 24 2022 04:07:32 GMT-0500 (EST)
Jésus de Nazareth,0003,-7,30,Israël,Asie,RELIGIEUX-SE,"Jésus de Nazareth est un Juif de Galilée. Il est prédicateur, guérisseur et exorciste. Il se présente comme le ""vecteur"" de Dieu.
Selon le Nouveau Testament, il est bienveillant. Son enseignement est centré sur l'amour et le pardon.
Il suscite la ferveur de ses disciples qui voient en lui le fils de Dieu.
Il attire la méfiance des autorités politiques et religieuses de l’époque.
Il prend un dernier repas avec ses disciples (la ""Cène"") durant lequel il annonce sa mort prochaine.
Il est arrêté sur dénonciation de son disciple Judas puis condamné pour rébellion par Ponce Pilate.
Il est crucifié en l'an 30 à Jérusalem pendant la fête juive de la Pâque.
Ses disciples annoncent ensuite sa résurrection : ce sera le début du christianisme.
Le christianisme est la religion la plus importante en nombre de fidèles.
Dans l’islam, Jésus de Nazareth est considéré comme un prophète majeur.
",https://i.imgur.com/BWOdb4k.jpg,,,,Starting at Thu Feb 24 2022 04:07:32 GMT-0500 (EST)
Socrate,0004,-470,-399,Grèce,Europe,PHILOSOPHE,"Socrate est un philosophe grec de l'Antiquité. Il est le Maître de Platon.
Il y a peu de certitudes sur lui car il n'a laissé aucun écrit.
Ses disciples le mettent souvent en scène dans des dialogues philosophiques.
Selon la Pythie (l’Oracle d’Apollon à Delphes), il est l’homme le plus sage.
Il se considère comme un ignorant et dit souvent : “je ne sais qu'une chose, c'est que je ne sais rien”.
Il interpelle les autres en public puis démontre leur ignorance.
Il est connu pour avoir une grande force physique.
Il est pauvre car il a peu de besoins.
Il est condamné à mort car il ne vénère pas les mêmes dieux que les autres.
Il est aussi accusé de corrompre la jeunesse.
Il meurt en buvant du poison à l'âge de 70 ans.
",https://i.imgur.com/GZ3JgHn.jpg,,,,Starting at Thu Feb 24 2022 04:07:32 GMT-0500 (EST)
Alexandre le Grand,0005,-356,-323,Grèce,Europe,MILITAIRE,"Alexandre le Grand, roi de Macédoine, est l’un des plus grands conquérants de l’histoire.
Son objectif est de conquérir l’ensemble du monde connu.
Son royaume s'étend de la Grèce, à l’Égypte, jusqu’à l’Inde, en passant par le Moyen-Orient.
Il fonde près de 70 cités qui s’appellent presque toutes Alexandrie.
Il est largement influencé par Aristote, son précepteur. En particulier, il emporte avec lui une édition de l’Iliade, rédigée par Aristote, et de laquelle il tire sa conduite.
Il a une volonté de fer et se considère comme le fils de dieu.
Il devient roi de Macédoine à l’âge de 20 ans.
Il meurt à l’âge de 32 ans. Quelques jours avant sa mort, il est déjà très handicapé. Ses soldats le croient mort et exigent de le voir. Ils défilent alors devant lui, et il salue chacun de ses hommes d’un clignement des yeux. 
",https://i.imgur.com/OoVLSaJ.jpg,,,,Starting at Thu Feb 24 2022 04:07:32 GMT-0500 (EST)
Léonard de Vinci,0006,1452,1519,Italie,Europe,INVENTEUR-TRICE,"Léonard de Vinci est un génie italien : il est artiste, scientifique, inventeur, anatomiste, architecte, urbaniste, philosophe et écrivain.
Il est considéré comme l'un des plus grands peintres de tous les temps.
Il apprend à lire et écrire à 12 ans, et étudie le grec et le latin à 40 ans.
Il sera formé par Verrocchio, un célèbre peintre, et le surpassera rapidement dans toutes les disciplines.
À 26 ans, il quitte son maître et devient maître-peintre indépendant.
Ses 2 œuvres majeures sont La Joconde et La Cène. Elles sont mondialement connues.
Il est l’inventeur du sous-marin, de l'automobile, de la calculatrice et du roulement à billes.
En 1516, François 1er l’invite en France. Il traverse donc les Alpes, à 64 ans, à dos de mulet, portant avec lui 3 peintures majeures : “Saint Jean Baptiste”, “La Vierge, l'Enfant Jésus et sainte Anne” et “La Joconde”.
Il meurt à 67 ans, de maladie.
",https://i.imgur.com/6wx1vYK.jpg,,,,Starting at Thu Feb 24 2022 04:07:32 GMT-0500 (EST)
Confucius,0007,-551,-479,Chine,Asie,PHILOSOPHE,"Confucius est un grand philosophe chinois.
Il est le philosophe qui a le plus marqué la civilisation chinoise.
Il est considéré comme le premier ""éducateur"" de la Chine.
Ses principaux disciples sont les Douze Philosophes. Ils sont honorés dans les temples confucéens.
Il a l'arbre généalogique le plus grand du monde avec 83 générations et 2 millions de descendants connus, sur 3 millions estimés.
Il mesure plus de 2 mètres.
Ses disciples ont recueilli ses propos et sa pensée dans les “Entretiens de Confucius”.
Selon lui, tout homme doit devenir ""Junzi"", un homme moralement bon.
Il considère par contre le “Sage” comme un idéal inatteignable.
Sa doctrine est le Ren, ce qui signifie la bienveillance.
Il enseigne à tous, mais principalement aux futurs hommes de pouvoir ainsi qu’aux fils de princes.",https://i.imgur.com/tCIDnL3.jpg,,,,Starting at Thu Feb 24 2022 04:07:32 GMT-0500 (EST)
Jules César,0008,-100,-44,Italie,Europe,MILITAIRE,"Jules César est un homme politique romain.
Il étend l’empire romain jusqu'au Rhin et à l'océan Atlantique puis prend le pouvoir à Rome grâce à son armée.
Il est ambitieux, brillant, stratège et tacticien habile.
Il grandit dans un quartier pauvre, mais reçoit une éducation exemplaire.
Vers 20 ans, il entre dans l’armée et il accomplit des exploits.
De retour à Rome, il se fait élire pontifex, puis devient consul à 41 ans.
Il conquiert la Gaule en profitant de la migration des Helvètes en -58.
En -52, il remporte une victoire décisive au siège d’Alésia, où il reçoit la reddition de Vercingétorix.
En -49, il entre en armes en Italie et franchit un fleuve, le Rubicon : c’est une déclaration de guerre. Il dit alors : “Alea jacta est” (le sort en est jeté).
En -44, il est assassiné de 23 coups de poignard. Le coup final vient de son fils Brutus. Il dit en le voyant : ""Tu quoque mi fili"" (""Toi aussi mon fils !"").
",https://i.imgur.com/rt1Mjdt.jpg,,,,Starting at Thu Feb 24 2022 04:07:32 GMT-0500 (EST)
Homère,0009,VIIIe siècle av. J.-C,VIIe siècle av. J.-C,Grèce,Europe,POÈTE,"Homère aurait été un poète grec.
Il serait l’auteur de l'Iliade et de l'Odyssée, les 2 premières œuvres de la littérature occidentale.
On ne sait pas s’il a vraiment existé ou s’il est une identité construite.
Homère aurait été aveugle. Il est aussi possible qu’il ait été une femme.
Ses textes étaient des poésies ce qui a favorisé la transmission orale.
L’Iliade est une épopée de la Grèce antique relatant la fin de la guerre de Troie, durant laquelle les Grecs et les Troyens s'affrontent.
Elle se termine par le duel entre Achille (Grec) et Hector (Troyen) et la victoire prochaine des Grecs.
L’Odyssée est une épopée racontant les aventures d’Ulysse (héros grec de la guerre de Troie) durant lesquelles il rencontre de nombreux personnages et des dieux de la mythologie grecque.
Ulysse mettra 10 ans à rentrer chez lui et retrouve sa femme (Pénélope) et son fils (Télémaque).
",https://i.imgur.com/LheISsU.jpg,,,,Starting at Thu Feb 24 2022 04:07:32 GMT-0500 (EST)
Pythagore,0010,-580,-495,Grèce,Europe,PHILOSOPHE,"Pythagore est un philosophe, mathématicien et scientifique grec. 
Il donne son nom à un grand théorème de mathématiques : le théorème de Pythagore. Les résultats de ce théorème étaient cependant déjà connus depuis 1000 ans. La plus ancienne démonstration connue à ce jour fut faite par Euclide (en -300).
Son nom signifie “celui qui a été annoncé par la Pythie”.
Il serait le premier à s’appeler “philosophe”, c’est-à-dire “amoureux de la sagesse”.
Il participe aux jeux olympiques à 17 ans et remporte toutes les épreuves de pugilat (ancêtre de la boxe).
Pour lui, les nombres sont très importants et il développe une mathématique démonstrative.
Il est le fondateur de la science politique et il défend l’Aristocratie, tout comme Platon. L’aristocratie est le gouvernement d’une élite, en particulier des savants.",https://i.imgur.com/It36CsD.jpg,,,,Starting at Thu Feb 24 2022 04:07:32 GMT-0500 (EST)
Archimède,0011,-287,-212,Italie,Europe,MATHÉMATICIEN-NE,"Archimède de Syracuse est un scientifique grec de Sicile.
Il est considéré comme l’un des plus grands mathématiciens de l’Humanité.
Il décrit la poussée d’Archimède : la force que subit tout corps plongé dans un liquide.
Il s’intéresse beaucoup à la mécanique. En parlant de l’effet de levier, il dit : “donnez-moi un point d’appui et je soulèverai le monde”.
Il travaille sur l’infini et dit que les grains de sable sont en nombre fini.
Une grande partie de ses travaux concernent la géométrie.
Il aurait crié Eurêka ! (“j’ai trouvé !” en grec ancien) en courant nu à travers les rues de Syracuse après avoir trouvé la solution à un problème complexe. Il devait vérifier qu’une couronne était faite uniquement d’or. Dans son bain, il compris qu’en pesant la couronne, et en mesurant son volume par immersion dans l’eau, il pouvait calculer sa masse volumique et la comparer à l’or pur.
",https://i.imgur.com/yTJDt70.jpg,,,,Starting at Thu Feb 24 2022 04:07:32 GMT-0500 (EST)
Moïse,0012,-1391,-1271,Égypte,Afrique,RELIGIEUX-SE,"Moïse est le 1er prophète du judaïsme.
Pour les Juifs et les Chrétiens, il est l'auteur des 5 premiers livres de la Bible, le Pentateuque.
Il est le prophète le plus présent dans le Coran et annonce le prophète Mahomet.
Enfant, il est trouvé dans un panier en osier flottant sur l’eau et est adopté.
Il s’oppose aux Égyptiens qui maltraitent son peuple et il doit fuire dans le désert où il devient berger.
À 80 ans, il voit Dieu en buisson ardent qui lui ordonne d’amener les Hébreux en Terre promise. Mais Pharaon refuse de les laisser partir.
Dieu abat alors 10 terribles fléaux sur l’Égypte et les Hébreux s’enfuient.
Arrivé au mont Sinaï, il reçoit le Décalogue (les 10 commandements).
Dieu les punit à rester 40 ans dans le désert, car ils lui désobéissent. 
Moïse meurt à 120 ans, aux portes de la Terre promise.
",https://i.imgur.com/dYCK9Z0.jpg,,,,Starting at Thu Feb 24 2022 04:07:32 GMT-0500 (EST)
Mahomet,0013,570,632,Arabie Saoudite,Asie,RELIGIEUX-SE,"Mahomet est un chef religieux, politique et militaire arabe. Il est le fondateur et le prophète de l'Islam.
Il se distingue des gens de son âge en étant un modèle de perfection physique, intellectuelle et morale.
À 40 ans, il reçoit de l’archange Gabriel la révélation, la parole de Dieu. Durant 23 ans, Gabriel lui dicte des versets en arabe.
Il fonde l’Islam, dont les croyants deviendront les musulmans.
Il accomplit plusieurs miracles : la lune se sépare en 2, il fait tomber la pluie et fait jaillir l’eau de ses mains.
Suite à une vision, il invite les fidèles à prier tournés vers La Mecque et non plus vers Jérusalem.
Il conquiert La Mecque avec 10’000 soldats et ses habitants se convertissent à l’Islam.
Il possède 7 épées, 3 arcs, 3 cuirrasses, 3 lances et 1 bouclier.
Il meurt en 632 à Médine, après plusieurs défaites et plusieurs tentatives d’assassinat.",https://i.imgur.com/nxs7pSe.jpg,,,,Starting at Thu Feb 24 2022 04:07:32 GMT-0500 (EST)
Abraham,0014,Inconnue,Inconnue,Pays de Canaan,Asie,RELIGIEUX-SE,"Abraham est le père fondateur des religions juive, chrétienne et musulmane.
Il est l’initiateur du monothéisme, ancêtre du judaïsme et du christianisme. 
Il est aussi considéré comme un grand prophète dans l’Islam.
Il est le personnage principal du livre de la Genèse.
Il s’appelle initialement Abram, puis deviendra Abraham. Il est appelé Ibrahim dans le Coran.
À 75 ans, Dieu lui dit qu’il donnera le pays de Canaan à sa descendance et lui ordonne de s’y rendre.
À 100 ans il a un fils : Isaac.
Alors qu’Isaac est adolescent, Dieu lui ordonne de l’emmener au Mont Moriah et de le sacrifier. Une fois arrivés, Abraham construit un autel pour sacrifier son fils. Un messager de Dieu intervient et lui dit qu’il ne souhaite que mettre sa foi à l’épreuve.
Il meurt à 175 ans au pays de Canaan.
",https://i.imgur.com/o0lyqwH.jpg,,,,Starting at Thu Feb 24 2022 04:07:32 GMT-0500 (EST)
Adolf Hitler,0015,1889,1945,Allemagne,Europe,POLITICIEN-NE,"Adolf Hitler est un politicien allemand né en Autriche-Hongrie.
Il est le principal déclencheur de la 2nde guerre mondiale. Il la perd et l’Allemagne capitule le 8 mai 1945.
Il est considéré comme le mal absolu dans la mémoire collective.
En 1908, il échoue à l’école des beaux-arts par manque de travail.
Il crée le nazisme : doctrine totalitaire et impérialiste, basée sur le racisme biologique et l’antisémitisme.
En 1923, après un coup d’état échoué, il est jeté en prison et il écrit “Mein Kampf” dans lequel il décrit ses théories racistes.
Il est nommé chancelier le 30 janvier 1933.
Dans la nuit du 29 au 30 juin 1934, il organise l’élimination physique de ses opposants. C’est ce qu’on appelle la nuit des longs couteaux.
En août 1934, il est plébiscité Führer avec 85% des voies allemandes, Ce qui met fin à la démocratie et instaure la dictature.
",https://i.imgur.com/t8irL4v.jpg,,,,Starting at Thu Feb 24 2022 04:07:32 GMT-0500 (EST)
W. A. Mozart,0016,1756,1791,Autriche,Europe,COMPOSITEUR-TRICE,"Wolfgang Amadeus Mozart est un compositeur de musique autrichien.
Il est considéré comme un virtuose au piano et au violon.
Dès 3 ans, il démontre déjà des facultés prodigieuse pour la musique.
Son père lui apprend le clavecin à 5 ans, et il compose ses premières musiques à 6 ans.
À 14 ans, il réécrit une œuvre complexe qui dure 15 minutes, en ne l’ayant écoutée qu’une seule fois.
Les nobles le traitent avec condescendance et son employeur, le prince-archevêque Colloredo, le traite régulièrement de crétin et de voyou.
Il est finalement renvoyé et s’installe comme indépendant.
Il devient franc-maçon à 28 ans.
Il travaille énormément et produit beaucoup d’oeuvres.
Il est endetté et souvent malade.
Il meurt à 35 ans après avoir composé presque 900 œuvres.
Mozart est devenu synonyme de génie et de maîtrise parfaite.
",https://i.imgur.com/Ce6KzcO.jpg,,,,Starting at Thu Feb 24 2022 04:07:32 GMT-0500 (EST)
Claude Ptolémée,0080,90,168,Grèce,Europe,ASTRONOME,"Claude Ptolémée est un astronome grec.
Il est un des inventeurs de la géographie.
Il écrit plusieurs livres de référence comme l’Almageste, la Géographie, les Harmoniques et l’Optique.
L’almageste est un livre sur l’astronomie qui permet de prédire précisément la position des astres.
L’almageste contient une liste de 1’022 étoiles et 48 constellations.
L’almageste restera un livre de référence pendant plus de 1’300 ans, ne recevant que de petites corrections.
La Géographie est un livre regroupant l’ensemble des connaissances concernant le monde de l’époque.
Les harmoniques est un livre de référence contenant les principes mathématiques de la musique.
L’Optique est un livre qui parle des propriétés de la lumière et expose une théorie de la vision.",https://i.imgur.com/eo8Tnds.jpg,,,,Starting at Thu Feb 24 2022 04:07:32 GMT-0500 (EST)
Nicolas Copernic,0207,1473,1543,Pologne,Europe,ASTRONOME,"Nicolas Copernic est un astronome, médecin et mathématicien polonais.
Il invente la théorie de l’héliocentrisme qui dit que le Soleil est au centre de l’Univers, et que la Terre lui tourne autour.
Contrairement au géocentrisme, cette théorie permet d’expliquer facilement les mouvements observés des planètes, et de mesurer les distances des planètes au Soleil.
Il est chanoine (un homme d’Église)
Ses théories vont contre les croyances de l’époque qui disent que la Terre est au centre de tout.
Il gardera sa théorie secrète pendant 36 ans par rigueur scientifique. En effet, il n’arrivera jamais à la faire correspondre parfaitement à ses observations.
En 1543, au moment de sa mort, sa théorie de l’héliocentrisme est publiée.
Son livre sera mis à l’Index (c’est-à-dire interdit par l’Église) en 1616 car il contredit trop les théories de l’époque.
",https://i.imgur.com/MBboHTK.jpg,,,,Starting at Thu Feb 24 2022 04:07:32 GMT-0500 (EST)
Johannes Kepler,0176,1571,1630,Allemagne,Europe,ASTRONOME,"Johannes Kepler est un astronome allemand.
Il est célèbre pour avoir étudié l’héliocentrisme de Nicolas Copernic.
Il découvre que les planètes ne tournent pas autour du Soleil en suivant des cercles mais en suivant des ellipses et en établit 3 lois.
Ces lois seront utilisées par Isaac Newton pour décrire la théorie de la gravitation universelle.
Il est invité par Tycho Brahe pour calculer l’orbite de Mars. Il pensait que ça lui prendrait quelques semaines, mais ça lui prendra 6 ans.
Il invente le mot Satellite (qui veut dire ""Garde du corps"" en Latin) pour désigner les lunes de Jupiter.
Il a grandi dans des conditions difficiles avec un père mercenaire dans l’armée et une mère qu’il disait petite, maigre et querelleuse.
Il est un précurseur de la science-fiction et écrit un livre sur la perception de notre monde vu par une personne sur la lune.
",http://edu.techmania.cz/sites/default/files/vedci/insert/kepler_portret.gif,,,,Starting at Thu Feb 24 2022 04:07:32 GMT-0500 (EST)
Tycho Brahe,0516,1546,1601,Danemark,Europe,ASTRONOME,"Tycho Brahe est un astronome danois.
Il rompt avec la tradition en donnant la priorité à l'observation et à la validation de ses hypothèses.
Ses observations des astres et des planètes sont au moins 10 fois plus précises que celles de ses prédécesseurs en Europe.
Il effectue cependant ses observations à l’oeil nu et est le dernier astronome avant l’invention de la lunette astronomique.
Il rejette le système héliocentrique et préfère établir un système mixte dit géo-héliocentrique : la Terre est au centre de l’Univers, et les autres planètes tournent autour du Soleil.
Johannes Kepler utilisera ses observations de la trajectoire de Mars pour trouver les lois décrivant les orbites des planètes autour du Soleil.
Il est aussi pharmacien et il crée beaucoup de remèdes et d’élixirs.
À sa mort, il est le scientifique le plus populaire d’Europe.
",https://i.imgur.com/1qv2i09.jpg,,,,Starting at Thu Feb 24 2022 04:07:32 GMT-0500 (EST)
Galilée,0031,1564,1642,Italie,Europe,ASTRONOME,"Galilée est un mathématicien, physicien et astronome italien.
Il révolutionne l’astronomie en améliorant la lunette astronomique.
Grâce à la lunette astronomique, il découvre en particulier les anneaux de Saturne ainsi que les taches solaires.
Il fait aussi beaucoup expériences et pose les bases de la cinématique et de la dynamique. Il est considéré comme l’un des fondateurs de la physique.
Il défend l’héliocentrisme. Cette théorie, étant contraire aux idées religieuses de l’époque, sera finalement censurée (interdite).
Il piège l’Église en demandant d’approuver la publication d’un livre présentant le géocentrisme et l’héliocentrisme de façon neutre. Mais il ne montre que la préface et la conclusion. Une fois publié, l’Église découvre qu’il s’agit d’un plaidoyer en faveur de l’Héliocentrisme.
L’Église condamnera lourdement Galilée. 
",https://i.imgur.com/nlUeVCb.jpg,,,,Starting at Thu Feb 24 2022 04:07:32 GMT-0500 (EST)
Isaac Newton,0022,1642,1727,Angleterre,Europe,PHYSICIEN-NE,"Isaac Newton est un philosophe, mathématicien, physicien et astronome anglais.
Il est l’un des plus grands génies de l’histoire de l’humanité.
Il fonde la mécanique classique et découvre la théorie de la gravitation universelle : plus les corps sont proches et lourds, plus ils s’attirent.
La légende veut qu’il aurait compris la gravitation car une pomme lui était tombée sur la tête.
Sa théorie de la gravitation universelle fonctionne dans beaucoup de situations mais échoue à expliquer la précession du périhélie de Mercure, les trous noirs ainsi que la déviation de la lumière par des masses importantes comme les étoiles ou les galaxies.
Il découvre, à l’aide d’un prisme, que la lumière blanche est composée d’un spectre de lumières colorées.
Il s’oppose à Leibniz, un autre mathématicien, pour savoir qui est le premier à avoir découvert le calcul infinitésimal.
",https://upload.wikimedia.org/wikipedia/commons/3/39/GodfreyKneller-IsaacNewton-1689.jpg,,,,Starting at Thu Feb 24 2022 04:07:32 GMT-0500 (EST)
Albert Einstein,0023,1879,1955,Allemagne,Europe,PHYSICIEN-NE,"Albert Einstein est un physicien. Il est successivement allemand, apatride, suisse puis helvético-américain.
Il est l'un des plus grands scientifiques de l’Humanité.
Il révolutionne la mécanique grâce à sa théorie de la “relativité générale”. Elle dit que la gravitation est dûe à la courbure de l'espace-temps. Elle prédit l’expansion de l’Univers, les ondes gravitationnelles, les trous noirs et la déviation de la lumière par les corps massifs comme les trous noirs.
Il reçoit le prix Nobel pour son travail sur l’effet photoélectrique.
Il est aussi très connu pour son équation E=mc2, établissant une relation entre masse et énergie.
Enfant, il était rebelle et il était considéré comme un mauvais élève.
En 1933, sa maison est pillée par les nazis et il décide de ne plus rentrer en Allemagne.
Son nom et sa personne sont synonymes d'intelligence et de savoir.
",https://i.imgur.com/Ln2sM5n.jpg,,,,Starting at Thu Feb 24 2022 04:07:32 GMT-0500 (EST)
Ératosthène,0132,-276,-194,Grèce,Europe,PHILOSOPHE,"Ératosthène est un philosophe et un mathématicien grec.
Il est célèbre pour avoir utilisé une méthode purement géométrique pour calculer la circonférence de la Terre (qui est de 40'000 km environ). Il calcule une valeur extrêmement précise de 39'375 km, contrairement à Aristote qui l'avait estimée à environ 60'000 km. 
Mathématicien, il établit le crible d'Ératosthène, qui permet de trouver, par élimination successive, tous les nombres premiers, inférieurs à un entier donné.
On lui attribue l’invention du  mot géographie.
Il calcule la longueur de l'arc du méridien entre les deux tropiques. Cette valeur sera recalculée et validée 2'000 ans plus tard par l'académie française des sciences.
Il finira par se laisser mourir de faim, parce que, devenu aveugle, il ne pouvait plus admirer les étoiles.
",https://i.imgur.com/puPvHZ4.jpg,,,,Starting at Thu Feb 24 2022 04:07:32 GMT-0500 (EST)
J. Gutenberg,0099,1400,1468,Allemagne,Europe,INVENTEUR-TRICE,"Johannes Gutenberg est un inventeur et un imprimeur allemand.
Il améliore l’imprimerie et invente les caractères métalliques mobiles.
Ces travaux sont déterminants pour la diffusion des livres, des textes et de la connaissance en Europe.
C’est en voyant fonctionner un pressoir à vin à Strasbourg qu’il trouve son nouveau procédé d’impression.
Au Moyen âge, peu de gens savaient lire et les livres étaient rares. En effet, ils sont reproduits dans les monastères par des moines copistes. Les illustrations sont réalisées par des moines spécialisés, les enlumineurs.
Sa nouvelle technique permet de produire 180 Bibles en 3 ans : c’est le temps qu’il faut à un moine pour en recopier une seule.
Il s’associe au début à un riche banquier nommé Johann Fust qui finance son invention. Mais les Bibles imprimées ne se vendent pas bien.
Johann Fust et lui se font un procès qu’il finira par perdre et sera ruiné.
",https://i.imgur.com/PZqG6Xl.jpg,,,,Starting at Thu Feb 24 2022 04:07:32 GMT-0500 (EST)
Alan Turing,2196,1912,1954,Royaume-Uni,Europe,MATHÉMATICIEN-NE,"Alan Turing est un mathématicien britannique.
Ses travaux fondent l'informatique de manière scientifique.
Durant la 2nde guerre mondiale, il déchiffre la machine Enigma, utilisée par l’armée allemande pour coder leurs messages. Pour y arriver, il crée une machine qui fait seule le travail de 10’000 personnes. Ceci permet de déchiffrer un message en 20 minutes, au lieu de 5 milliards d’années s’il fallait tester toutes les possibilités.
Grâce à ses travaux et à ses découvertes, il permet de raccourcir la guerre de 2 ans et de sauver 14 millions de personnes.
Il invente la machine de Turing. C’est un modèle abstrait du fonctionnement des ordinateurs qui permet de définir, en particulier, ce qu’est un algorithme.
Il invente le test de Turing qui permet de décider si une machine est intelligente ou pas en la faisant imiter la conversion humaine.",https://i.imgur.com/hLhsNvT.jpg,,,,Starting at Thu Feb 24 2022 04:07:32 GMT-0500 (EST)
Euclide,0035,Inconnue,vers -300,Grèce,Europe,MATHÉMATICIEN-NE,"Euclide est un mathématicien de la Grèce antique.
Il écrit “éléments de mathématiques”. Composé de 13 livres, c’est un des ouvrages les plus importants des mathématiques. Il est remarquable par sa forme déductive et son organisation systématique et progressive.
Dans cet ouvrage, il commence par énoncer des définitions (d’une ligne, d’un nombre premier, etc) puis en déduit de nouvelles propriétés.
Il écrit aussi les “Pseudaria” (“arguments fallacieux”). Cet ouvrage apprend aux débutants à détecter les raisonnements faux, mais qui pourtant semblent vrais. Il donne des exemples de paralogismes (raisonnement faux qui apparaît comme valide à son auteur) et de sophisme (raisonnement faux utilisé pour tromper).
Il s’intéresse aussi à l’astronomie, à l’optique, et à la musique.
Il n’existe aucune source directe d’informations sur la vie d’Euclide.
",https://upload.wikimedia.org/wikipedia/commons/8/8c/Euklid2.jpg,,,,Starting at Thu Feb 24 2022 04:07:32 GMT-0500 (EST)
Herodote,0032,-480,-425,Grèce,Europe,HISTORIEN-NE,"Hérodote est historien grec.
Cicéron (un homme politique romain) dit de lui qu’il est le “Père de l’Histoire”.
Il prétend rivaliser avec Homère. Mais plutôt que de chanter des exploits du passé, il préfère décrire des événements très récents.
Il est aussi considéré comme un des premiers géographes car il raconte les récits de ses voyages.
En particulier, il participe à l’élaboration de la liste des 7 merveilles du monde : la pyramide de Khéops à Gizeh en Égypte, les Jardins suspendus de Babylone en Mésopotamie, la statue de Zeus à Olympie en Grèce, le temple d'Artémis à Éphèse en Grèce, le mausolée d'Halicarnasse en Turquie, le colosse de Rhodes en Grèce et le phare d'Alexandrie en Égypte.
Il s’intéresse à la politique et écrit une critique des 3 grandes formes de gouvernement : la démocratie, l'aristocratie, et la monarchie.",https://i.imgur.com/nzKKp2e.jpg,,,,Starting at Thu Feb 24 2022 04:07:32 GMT-0500 (EST)
Thalès de Milet,0038,-625,-546,Grèce,Europe,PHILOSOPHE,"Thalès de Milet est un philosophe grec.
Il est l’un des 7 sages de la Grèce.
Il accomplit beaucoup d’exploits grâce aux mathématiques : il calcule la hauteur de la pyramide de Khéops et prédit une éclipse de soleil.
Il est le 1er à laisser son nom dans l'Histoire avec le théorème de Thalès.
Il est un des personnages les plus importants du raisonnement scientifique. 
Il est l’un des fondateurs de l’astronomie et l’un des premiers physiciens. Il découvre en particulier l’électricité ainsi que le magnétisme.
Selon lui, l'eau explique tout l'Univers. C’est à partir de l'eau que découlent les autres éléments : air, feu et terre. En particulier, la terre n’est que de l’eau condensée et l’air de l’eau raréfiée.
Il a une conception séduisante de l'Univers : celui-ci serait une moitié de bulle d'air avec le ciel et une Terre plate, flottant sur l'eau.",https://i.imgur.com/v7xLTnq.jpg,,,,Starting at Thu Feb 24 2022 04:07:32 GMT-0500 (EST)
Charles Darwin,0071,1809,1882,Angleterre,Europe,BIOLOGISTE,"Charles Darwin est un biologiste anglais.
Ses travaux ont révolutionné la biologie.
Il écrit “De l'origine des espèces”, qui détaille sa théorie de l'évolution des espèces vivantes. Elle explique de la diversité de la vie. Il adopte la théorie du français Jean-Baptiste de Lamarck selon laquelle toutes les espèces vivantes ont évolué à partir d'un seul ancêtre commun.
Il soutient que cette évolution est due à la “sélection naturelle” : les plus forts survivent plus longtemps, ont donc plus d’enfants, et donc transmettent plus facilement leurs particularité et leurs avantages.
La sélection naturelle dépend de l’environnement considéré : un requin est fort uniquement en mer, un lion est fort uniquement sur terre.
Il est aussi célèbre dans la communauté scientifique grâce à son travail de terrain et ses recherches en géologie.",https://i.imgur.com/kKiVe4w.jpg,,,,Starting at Thu Feb 24 2022 04:07:32 GMT-0500 (EST)
Avicenne,0097,980,1037,Perse,Asie,PHILOSOPHE,"Avicenne est un philosophe et médecin Perse. Il est un des plus grands médecins de l’Histoire.
Ses élèves le surnomment le plus grand des médecins. Il est le “3e Maître” (après Aristote et Farabi).
Il écrit une encyclopédie médicale (Qanûn), une sur “la guérison de l’âme”, et une sur la science.
Il a une grande mémoire et est très doué. À 14 ans, il lit les 60 livres de médecine d’Hippocrate, en une seule fois. À 16 ans, il lit l’ensemble de l’œuvre de Galien (plus de 20’000 pages de livres sur la médecine), et il étudie soigneusement Aristote.
À 17 ans, il est déjà médecin, donne des cours et soigne des princes. Sa popularité devient vite immense.
Le Qanûn sera la base de l’enseignement de la médecine en Asie et en Europe pendant plus de 600 ans.
Il rattache la médecine à la physique. Ceci perdure encore aujourd’hui (“Physician” en Anglais veut dire médecin).",https://upload.wikimedia.org/wikipedia/commons/7/74/Avicenna-miniatur.jpg,,,,Starting at Thu Feb 24 2022 04:07:32 GMT-0500 (EST)
Farabi,0638,Avant 920,950,Perse,Asie,PHILOSOPHE,"Farabi est un philosophe perse.
Il améliore toutes les connaissances de son époque (sciences et arts).
Il est le 2nd Maître (après Aristote), ou le 2nd instituteur de l’intelligence.
Il est l’un des premiers à populariser la pensée d’Aristote parmi les musulmans.
Il est une source d’inspiration majeure pour Avicenne.
Il s’intéresse beaucoup à la politique et écrit de nombreuses synthèses sur Platon et Aristote.
Il écrit un traité sur les sciences qui ignore la médecine qu’il considère comme pratique, tout comme la menuiserie par exemple.
Il s’oppose à Galien qui considère les médecins comme des philosophes.
Il pense que l’Univers est composé de couche. Les couches inférieures composent le monde imparfait (matériel. corrompu et divisé), et les couches supérieures composent le monde parfait (intellectuel, pur et unifié).
",https://upload.wikimedia.org/wikipedia/commons/3/33/Iranian_Farabi.jpg,,,,Starting at Thu Feb 24 2022 04:07:32 GMT-0500 (EST)
Claude Galien,0196,129,216,Grèce,Europe,MÉDECIN,"Claude Galien est un médecin grec de l’Antiquité.
Il est considéré, avec Hippocrate, comme l’un des fondateurs de la médecine occidentale.
Il est exceptionnel car il allie les réalités médicales et la spéculation.
Ses théories dominent la médecine pendant plus de 1’500 ans, avant l’arrivée de la médecine moderne.
Il devient médecin des gladiateurs. Sous ses soins, seulement 2 gladiateurs décédèrent la 1ère année, contre 16 les années précédentes.
Lui seul soigne Marc Aurèle de ses violentes coliques. Marc Aurèle dit de lui : “il est le 1er parmi les médecins, et seul parmi les philosophes”.
Il est à l’époque énormément plagié et dresse alors une liste de tous ses ouvrages ainsi qu’un guide de lecture.
Un incendie détruit ses livres les plus précieux. À 63 ans, il consacre tout son temps à leur réécriture.
Il meurt à 86 ans après avoir écrit plus de 20’000 pages sur la médecine.
",https://upload.wikimedia.org/wikipedia/commons/8/80/Galenus.jpg,,,,Starting at Thu Feb 24 2022 04:07:32 GMT-0500 (EST)
Hippocrate de Cos,0048,vers -460,-377,Grèce,Europe,MÉDECIN,"Hippocrate de Cos est un médecin grec de l’Antiquité.
Il est considéré comme le fondateur de la médecine. Selon Sénèque, il est le plus grand des médecins.
Il est connu grâce au serment d’Hippocrate, serment prêté par tous les médecins Occidentaux et qui fonde les bases de la pratique et de la déontologie médicale.
Il écarte l’aspect divin dans la pratique de la médecine et favorise une approche plus rigoureuse.
Selon Platon et Aristote, il est déjà un médecin réputé de son époque.
Il examine le philosophe Démocrite, considéré comme fou car il se moque de tout. Il y voit juste quelqu’un d’heureux. Démocrite est surnommé le “philosophe rieur” par la suite.
Selon la légende, il est le descendant d’Asclépios, dieu de la médecine, et d’Héraclès, héros grec vénéré pour sa force et son courage.
Il meurt à un âge avancé (entre 85 et 109 ans).
",https://upload.wikimedia.org/wikipedia/commons/3/32/Hippocrates_rubens.jpg,,,,Starting at Thu Feb 24 2022 04:07:32 GMT-0500 (EST)
René Descartes,0058,1596,1650,France,Europe,PHILOSOPHE,"René Descartes est un philosophe et mathématicien français.
Il est considéré comme l’un des fondateurs de la philosophie moderne.
Il écrit le “Discours de la méthode”, qu’il publie anonymement, et qui se veut être une introduction à 3 traités scientifiques utilisant cette méthode.
S’appuyant sur Platon, Aristote et Gomez Pereira, il écrit “Cogito, ergo sum” qui veut dire “Je pense, donc je suis” en Latin. Il souhaite ici exprimer que bien qu’il doute de tout, il est au moins certain d’exister. Car pour douter, il faut au moins exister.
Il permet des avancées majeures en mathématiques, en particulier grâce à la géométrie analytique.
Il défend l’héliocentrisme mais reste prudent car Galilée vient d’être condamné par l’Église. Ses écrits seront par la suite mis à l’Index, c’est-à-dire interdits par l’Église.
Son père le surnomme “mon petit philosophe” car il pose tout le temps des questions.",https://upload.wikimedia.org/wikipedia/commons/7/73/Frans_Hals_-_Portret_van_Ren%C3%A9_Descartes.jpg,,,,Starting at Thu Feb 24 2022 04:07:32 GMT-0500 (EST)
Marie Curie,0281,1867,1934,Pologne,Europe,PHYSICIEN-NE,"Marie Curie est une physicienne et chimiste polonaise puis française.
Elle reçoit, avec son mari Pierre Curie, le prix Nobel de physique en 1903 pour ses recherches sur la radiation.
Elle reçoit le prix Nobel de chimie en 1911 pour ses travaux sur le polonium et le radium, 2 métaux radioactifs.
Elle est la 1ère femme à avoir reçu le prix Nobel, et la seule à en avoir reçu dans des domaines scientifiques différents.
Elle a choisit le nom du polonium en hommage à son pays d'origine, la Pologne.
Durant la guerre, elle invente des ambulances lui permettant de faire des radiographies des blessés sur le front. On les appellera les Petites Curies.
Elle participe aux congrès Solvay qui réunissent les meilleurs physiciens et chimistes comme Albert Einstein.
Une danseuse lui demande de faire une robe phosphorescente avec du radium. Elle refuse car c’est un élément extrêmement dangereux pour la santé.
Elle meurt à 66 ans, suite à son exposition aux éléments radioactifs qu'elle étudiait. ",https://upload.wikimedia.org/wikipedia/commons/7/71/Marie_Curie_c1920.png,,,,Starting at Thu Feb 24 2022 04:07:32 GMT-0500 (EST)
Cléopâtre VII,0029,-69,-30,Égypte,Afrique,REINE,"Cléopâtre VII est une reine égyptienne. Elle règne de -51 à -30.
Elle fait partie de la dynastie des Lagides qui a été fondée par un général d'Alexandre le Grand.
Elle est courageuse, intelligente, et cultivée.
Son royaume est instable et difficile à gouverner.
Elle est d'abord la conjointe de Jules César avec qui elle a plusieurs enfants.
Puis elle part à Rome vivre pendant 2 ans. Mais à la mort de Jules César, elle décide de retourner en Égypte.
Elle est ensuite la conjointe de Marc Antoine pendant 10 ans.
Son alliance avec Rome l'aide dans un premier temps à gouverner. Mais la guerre que Marc Antoine perd face à Octave met un terme à son règne.
Elle est réputée pour avoir eu un très grand nez.",https://upload.wikimedia.org/wikipedia/commons/7/75/-0035_Altes_Museum_Portrait_Kleopatra_VII_anagoria.JPG,,,,Starting at Thu Feb 24 2022 04:07:32 GMT-0500 (EST)
Mary Anning,0999,1799,1847,Angleterre,Europe,PALÉONTOLOGUE,"Mary Anning est une paléontologue anglaise.
Elle est l'une des plus importantes paléontologues de l'Histoire.
Elle commence par faire du commerce de fossiles qu'elle recherche à plein temps.
La communauté scientifique, qui se rend compte de l'importance des fossiles pour la géologie et la biologie, devient très rapidement son principal client.
Alors qu'elle a 12 ans, elle découvre le premier squelette complet d'ichtyosaure.
Elle découvre aussi un squelette de plésiosaure ainsi qu'un fossile de ptérodactyle. 
Louis Agassiz, naturaliste américano-suisse donnera son nom à 2 espèces de dinosaures.
À l'âge de 15 mois, alors qu'elle se trouve dans les bras de son infirmière, elles sont toutes les 2 frappées par la foudre. Elle seule survit.",https://upload.wikimedia.org/wikipedia/commons/e/e7/Mary_Anning_painting.jpg,,,,Starting at Thu Feb 24 2022 04:07:32 GMT-0500 (EST)
Ada Lovelace,3571,1815,1852,Angleterre,Europe,MATHÉMATICIEN-NE,"Ada Lovelace est une mathématicienne et une informaticienne anglaise.
Elle est considérée comme la 1ère programmeuse de l’Histoire.
Elle est la fille de Lord Byron, célèbre poète anglais.
Sa mère adore les mathématiques et fait en sorte qu’elle reçoive une formation approfondie en science.
À 17 ans, elle rencontre Charles Babbage. Elle est émerveillée ses machines analytique, un ancêtre de l’ordinateur.
Alors qu’elle travaille sur la traduction d’un article en Français décrivant la machine analytique de Babbage, elle décide d’y ajouter des notes. Une de ces notes est un véritable algorithme. Cet algorithme est considéré comme le 1er programme informatique au monde.
On donnera son nom à un langage de programmation, le langage Ada.
Son portrait est visible sur les hologrammes d'authentification des produits Microsoft.",https://upload.wikimedia.org/wikipedia/commons/8/87/Ada_Lovelace.jpg,,,,Starting at Thu Feb 24 2022 04:07:32 GMT-0500 (EST)
Michel-Ange,0019,1475,1564,Italie,Europe,SCULPTEUR-TRICE,"Michel-Ange est un sculpteur et un peintre italien.
Il est reconnu pour être un artiste exceptionnel et supérieur aux artistes de son époque comme de Vinci et Raphaël.
Ses œuvres les plus connues sont “David”, “La Pietà”, “Moïse”, le plafond de la chapelle Sixtine et “Le Jugement dernier”.
Il est aussi architecte et réalise le dôme de Saint-Pierre de Rome en Italie.
Il est admiré par les artistes de son époque et son style de peinture est beaucoup copié.
Plusieurs biographies sont aussi publiées sur lui alors qu’il est encore vivant.
Avant ses 30 ans, il sculpte “David” et “La Pietà”, 2 sculptures en marbre, parmi les plus célèbres oeuvres de l’Histoire. 
Durant 4 années très éprouvantes, il peint le plafond de la chapelle Sixtine.
Il est très influencé par Platon ce qui se voit beaucoup dans ses œuvres.
Il continue de conseiller ses élèves et reste actif jusqu’à sa mort, à 88 ans.
",https://upload.wikimedia.org/wikipedia/commons/5/5e/Miguel_%C3%81ngel%2C_por_Daniele_da_Volterra_%28detalle%29.jpg,,,,Starting at Thu Feb 24 2022 04:07:32 GMT-0500 (EST)
Tamerlan,0201,1370,1405,Ouzbékistan,Asie,MILITAIRE,"Tamerlan est un guerrier turco-mongol de l'antiquité.
Il conquiert une grande partie de l'Asie.
Il est un conquérant exceptionnel et très redouté car il détruit totalement les villes qui osent lui résister.
Il commence sa carrière militaire à 16 ans.
Craignant une révolte à Samarcande (grande ville d'Ouzbékistan), il doit prendre la fuite.
Plusieurs années plus tard, il devient officiellement souverain et monte sur le trône à Samarcande et en fait sa capitale.
Il passe les 30 années suivantes à faire la guerre et à lancer des expéditions et construira la 3e plus grand empire du monde.
Dans chaque ville conquise, il recrutait les meilleurs artisans et scientifiques pour les envoyer à Samarcande.
Il meurt de maladie à 68 ans, lors d'une expédition en Chine.
Son tombeau se trouve au Gour Emir (un mausolée), à Samarcande.
Une légende raconte que son tombeau est maudit. Il y est inscrit : ""Lorsque je reviendrai à la lumière du jour, le monde tremblera.""
",https://upload.wikimedia.org/wikipedia/commons/4/43/Tamerlan.jpg,,,,Starting at Thu Feb 24 2022 04:07:32 GMT-0500 (EST)
Gengis Khan,0044,1155,1227,Mongolie,Asie,MILITAIRE,"Gengis Khan est un grand conquérant et un chef charismatique mongol.
Il fonde l'Empire mongol qui deviendra le plus grand empire de tous les temps.
Il devient ami avec les chefs de tribus mongoles et il finit par les unir afin de conquérir la Chine.
Il améliore beaucoup les stratégies de combat basées essentiellement sur l'usage des arcs et des chevaux.
À la fin de sa vie, il contrôle la majeure partie de l'Asie.
Par la suite, ses descendants continuent d’agrandir énormément son empire.
Il est considéré comme le père de la Mongolie et est aujourd'hui une légende.
Il établit des lois protégeant les femmes.
Après sa mort, il est enterré dans un endroit secret que personne ne connaît.
Selon la légende, il est le descendant d'un loup, d'une biche fauve et d'une femme fécondée par un rayon de Soleil. Il aurait aussi tué un ours à mains nues.",https://upload.wikimedia.org/wikipedia/commons/3/35/YuanEmperorAlbumGenghisPortrait.jpg,,,,Starting at Thu Feb 24 2022 04:07:32 GMT-0500 (EST)
Jeanne d'Arc,0045,1412,1431,France,Europe,RELIGIEUX-SE,"Jeanne d'Arc naît en 1412 en France. À 13 ans, elle déclare avoir reçu des visions divines lui ordonnant de libérer la France de l'occupation anglaise pendant la Guerre de Cent Ans. Elle convainc le dauphin Charles VII de la suivre et mène les troupes françaises à la victoire, notamment en libérant la ville d'Orléans en 1429. Cependant, elle est capturée par les Anglais en 1430, jugée pour hérésie, et exécutée sur le bûcher à Rouen en 1431. Après sa mort, Jeanne d'Arc est réhabilitée par l'Église catholique en 1456, reconnaissant son innocence et sa mission. Elle demeure une icône nationale en France, célébrée pour son courage, sa foi et son rôle crucial dans l'histoire de la nation. Surnommée ",https://upload.wikimedia.org/wikipedia/commons/thumb/c/c3/Joan_of_Arc_miniature_graded.jpg/800px-Joan_of_Arc_miniature_graded.jpg,,,,
Shakespeare,0046,1564,1616,Angleterre,Europe,POÈTE,"William Shakespeare, né en 1564 en Angleterre, est une icône littéraire mondiale. Dramaturge et poète, il a marqué l'histoire de la littérature anglaise et mondiale. Ses œuvres, comme ""Roméo et Juliette"" et ""Hamlet"", sont encore largement jouées et étudiées aujourd'hui.
Ses écrits ont exploré une gamme diversifiée de thèmes humains, de l'amour tragique à la politique. Shakespeare a inventé de nombreux mots et expressions qui sont toujours en usage aujourd'hui. Il a également contribué à façonner la langue anglaise moderne.
Bien que peu soit connu de sa vie personnelle, son héritage littéraire est indéniable. William Shakespeare est célébré comme un génie créatif dont les œuvres continuent d'enrichir le patrimoine culturel mondial.",https://upload.wikimedia.org/wikipedia/commons/a/a2/Shakespeare.jpg,,,,
Nikola Tesla,0047,1856,1943,Croatie,Europe,INVENTEUR-TRICE,"Nikola Tesla, né en 1856 en Serbie, est une figure légendaire de l'histoire de la science. Inventeur prolifique, il a apporté des contributions majeures à la technologie électrique. Tesla est surtout connu pour ses travaux sur le courant alternatif, qui a révolutionné la transmission de l'électricité.
Il a déposé de nombreuses inventions, notamment la bobine Tesla et le générateur à courant alternatif, qui ont eu un impact considérable sur l'industrie de l'énergie. Tesla était également un visionnaire, anticipant des concepts tels que l'énergie sans fil et les communications à distance.
Malgré sa génialité, Tesla a souvent fait face à des difficultés financières et à des controverses. Il est décédé en 1943, dans la relative obscurité, mais son héritage continue d'inspirer des générations d'inventeurs et de scientifiques, et son nom est synonyme d'innovation technologique.",https://upload.wikimedia.org/wikipedia/commons/thumb/7/79/Tesla_circa_1890.jpeg/800px-Tesla_circa_1890.jpeg,,,,
Marco Polo,0048,1254,1324,Italie,Europe,EXPLORATEUR-TRICE,"Marco Polo, né en 1254 à Venise, est une figure emblématique de l'exploration médiévale. Il est célèbre pour son récit de voyage, ""Le Livre des Merveilles du Monde"", qui décrit son voyage en Asie aux côtés de son père et de son oncle.
Pendant près de 24 ans, Marco Polo a parcouru des milliers de kilomètres à travers des terres lointaines telles que la Chine, la Perse et l'Inde. Ses descriptions détaillées de l'Empire mongol de Kubilai Khan ont ouvert les portes de l'Orient à l'Europe médiévale.
Son récit a suscité l'admiration et la curiosité en Europe et a influencé les voyages d'exploration ultérieurs. Marco Polo est devenu une source d'inspiration pour de nombreux explorateurs et voyageurs, et son nom est synonyme d'aventure et de découverte.",https://upload.wikimedia.org/wikipedia/commons/b/b0/Marco_Polo_Mosaic_from_Palazzo_Tursi.jpg,,,,
Napoléon Ier,0049,1769,1821,France,Europe,MILITAIRE,"Napoléon Ier, né en 1769 en Corse, est une figure emblématique de la France. Général de l'armée révolutionnaire, il a pris le pouvoir en 1799 lors d'un coup d'État, instaurant le Consulat puis l'Empire en 1804 sous le nom de Napoléon Ier.
Il est célèbre pour ses réformes, notamment le Code civil qui a influencé les lois françaises et internationales. Ses conquêtes militaires, lors des guerres napoléoniennes, ont étendu son empire à travers l'Europe, avec des victoires marquantes comme Austerlitz. Cependant, sa défaite à la bataille de Waterloo en 1815 a scellé son destin.
Napoléon a été exilé sur l'île de Sainte-Hélène où il est décédé en 1821. Son héritage persiste, en tant que génie militaire et réformateur, laissant une empreinte durable sur l'histoire de la France et de l'Europe.",https://i.imgur.com/3g63PnP.jpeg,,,,
Vincent van Gogh,0050,1853,1890,Pays-Bas,Europe,PEINTRE,"Vincent van Gogh, né en 1853 aux Pays-Bas, est un artiste majeur de l'histoire de la peinture. Son travail révolutionnaire a grandement influencé l'art moderne.
Van Gogh a créé des œuvres emblématiques telles que ""La Nuit étoilée"" et ""Les Tournesols"". Sa palette de couleurs audacieuse et son style expressif ont captivé l'émotion et la beauté de la vie quotidienne.
Cependant, la vie de Van Gogh a été marquée par la pauvreté et la maladie mentale, ce qui l'a conduit à des périodes de détresse. Malgré cela, son art a persisté, et il est désormais considéré comme l'un des plus grands peintres de tous les temps.
Vincent van Gogh est célébré pour sa contribution inestimable à l'art, sa sensibilité unique et sa vision créative. Son nom est synonyme d'expression artistique et de passion pour l'art.",https://upload.wikimedia.org/wikipedia/commons/b/b2/Vincent_van_Gogh_-_Self-Portrait_-_Google_Art_Project.jpg,,,,
Christophe Colomb,0051,1451,1506,Italie,Europe,EXPLORATEUR-TRICE,"Christophe Colomb, né vers 1451 en Italie, est une figure emblématique de l'exploration maritime. Il est célèbre pour son voyage historique en 1492, lorsqu'il a traversé l'océan Atlantique à la recherche d'une route vers les Indes, mais a plutôt découvert les Amériques.
Sponsorisé par l'Espagne, Colomb a navigué à bord de la caravelle Santa María et a atteint une île des Caraïbes qu'il a nommée San Salvador. Son voyage a ouvert la voie à la découverte et à la colonisation du Nouveau Monde par les Européens.
Bien que Colomb soit souvent célébré pour sa bravoure en tant qu'explorateur, ses voyages ont également eu des conséquences majeures sur les peuples autochtones et ont marqué le début de l'ère de l'exploration et de la colonisation européennes.
Aujourd'hui, Christophe Colomb est reconnu comme une figure controversée de l'histoire, mais son nom demeure associé à l'exploration et à la découverte de nouvelles terres.",https://upload.wikimedia.org/wikipedia/commons/1/14/Ridolfo_Ghirlandaio_Columbus.jpg,,,,
Jacques Cartier,0052,1491,1557,France,Europe,EXPLORATEUR-TRICE,"Jacques Cartier, explorateur français du XVIe siècle, est célèbre pour ses voyages en Amérique du Nord qui ont contribué à la découverte et à la cartographie du Canada. Sous le patronage du roi de France, il a effectué trois expéditions entre 1534 et 1542, explorant le golfe du Saint-Laurent, la baie de Gaspé, et nommant le fleuve Saint-Laurent. Ses voyages ont ouvert la voie à la colonisation française en Amérique du Nord et laissé une empreinte durable sur la cartographie et l'exploration de la région canadienne. Jacques Cartier est ainsi associé à la découverte et à l'exploration des terres canadiennes.",https://upload.wikimedia.org/wikipedia/commons/d/df/Jacques_Cartier_1851-1852.jpg,,,,
Ferdinand de Magellan,0053,1480,1521,Portugal,Europe,EXPLORATEUR-TRICE,"Ferdinand de Magellan, né vers 1480 au Portugal, est un explorateur renommé du XVIe siècle. Il est célèbre pour avoir mené la première expédition autour du monde.
Sous la bannière de l'Espagne, Magellan a entrepris son voyage historique en 1519 avec cinq navires. Après de nombreuses épreuves et découvertes, dont le détroit qui porte maintenant son nom, il a atteint les Philippines, où il a trouvé la mort lors d'une bataille en 1521. Cependant, son navire, le Victoria, a continué le voyage et est revenu en Espagne en 1522, complétant ainsi la circumnavigation.
Le voyage de Magellan a permis de prouver que la Terre était ronde et que l'on pouvait atteindre l'Asie en naviguant vers l'ouest. Cela a ouvert de nouvelles voies commerciales pour l'Espagne et a jeté les bases des explorations maritimes ultérieures.
Ferdinand de Magellan est aujourd'hui reconnu comme l'un des plus grands explorateurs de tous les temps, et son nom est associé à la circumnavigation de la Terre et à l'ouverture de nouvelles routes maritimes mondiales.",https://static.nationalgeographic.fr/files/styles/image_3200/public/magellan-explainer-circumnavigation-portrait1.jpg?w=1900&h=2465,,,,
Vasco de Gama,0054,1460 ou 1469,1524,Portugal,Europe,EXPLORATEUR-TRICE,"Vasco de Gama, navigateur portugais du XVe siècle, est célèbre pour avoir ouvert la route maritime vers l'Inde. Sous le patronage du roi Manuel Ier du Portugal, il a entrepris un voyage historique en 1497. Naviguant autour de la pointe sud de l'Afrique, il a atteint Calicut en Inde en 1498, établissant ainsi une voie commerciale majeure entre l'Europe et l'Asie. Cette découverte a eu un impact considérable sur le commerce mondial et a ouvert une nouvelle ère de relations entre l'Europe et l'Asie. Vasco de Gama est reconnu comme l'un des plus grands explorateurs maritimes de l'histoire et son nom est synonyme de découvertes et d'exploits dans les océans du monde.",https://i.imgur.com/2j2ZD2hg.jpg,,,,
Abraham Lincoln,0055,1809,1865,Etats-unis,Amérique du Nord,POLITICIEN-NE,"Abraham Lincoln, né en 1809 aux États-Unis, est l'une des figures les plus marquantes de l'histoire américaine. Il a été le 16e président des États-Unis, en fonction de 1861 à 1865, pendant une période cruciale de l'histoire du pays, la guerre civile américaine.
Lincoln est principalement connu pour son rôle dans l'abolition de l'esclavage aux États-Unis, avec l'adoption du 13e amendement à la Constitution. Son leadership pendant la guerre civile a été essentiel pour préserver l'Union et mettre fin à la sécession des États du Sud. Malheureusement, Abraham Lincoln a été assassiné en 1865 par John Wilkes Booth, devenant ainsi le premier président américain à être assassiné en fonction. Sa vie et sa mort sont devenues des symboles de l'unité et de la lutte pour la justice aux États-Unis. Aujourd'hui, Abraham Lincoln est vénéré comme l'un des plus grands présidents de l'histoire américaine, reconnu pour sa vision de l'égalité et de la liberté, et son nom est associé à la préservation de l'Union et à la lutte pour les droits civiques.",https://i.imgur.com/uiyNO9x_d.jpeg?maxwidth=520&shape=thumb&fidelity=high,,,,
Martin Luther King,0056,1929,1968,Etats-unis,Amérique du Nord,RELIGIEUX-SE,"Martin Luther King, né en 1929 aux États-Unis, est une icône du mouvement des droits civiques et de la lutte pour l'égalité raciale. En tant que pasteur baptiste, il a dirigé des manifestations non violentes pour l'égalité des droits des Afro-Américains dans les années 1950 et 1960.
Son discours historique ""I Have a Dream"" en 1963 à Washington D.C. est devenu emblématique, exprimant son rêve d'un avenir où les gens seraient jugés non pas par la couleur de leur peau, mais par leur caractère. Sa lutte a contribué à l'adoption de lois sur les droits civiques aux États-Unis, mettant fin à la ségrégation raciale.
Tragiquement, Martin Luther King a été assassiné en 1968 à Memphis, Tennessee, mais son héritage perdure. Il est reconnu comme un défenseur de la justice et de l'égalité, et son nom est associé à la lutte pour les droits civils et à la promotion de l'amour et de la tolérance.",https://upload.wikimedia.org/wikipedia/commons/thumb/0/05/Martin_Luther_King%2C_Jr..jpg/290px-Martin_Luther_King%2C_Jr..jpg,,,,
Marie Madeleine,0057,1er siècle,1er siècle,Israël,Asie,RELIGIEUX-SE,"Marie Madeleine, une figure biblique du Nouveau Testament, est souvent associée à une femme de grande foi. Elle est mentionnée dans les évangiles comme une disciple de Jésus et témoin de sa crucifixion, sa mort et sa résurrection.
On la décrit parfois comme une pécheresse repentante qui a été pardonnée par Jésus. Selon la tradition, elle était présente au tombeau vide après la résurrection de Jésus et a été la première à voir le Christ ressuscité.
L'histoire de Marie Madeleine a inspiré de nombreuses œuvres d'art, de littérature et de théologie au fil des siècles, et elle est souvent perçue comme un symbole de la rédemption, de la foi et de la dévotion envers Jésus-Christ. Son nom est associé à la spiritualité chrétienne et à la place importante des femmes dans l'histoire religieuse.",https://upload.wikimedia.org/wikipedia/commons/thumb/7/7c/Maria_Magdalene_crucifixion_detail.jpeg/225px-Maria_Magdalene_crucifixion_detail.jpeg,,,,
Ludwig van Beethoven,0059,1770,1827,Allemagne,Europe,COMPOSITEUR-TRICE,"Ludwig van Beethoven, né en 1770 à Bonn en Allemagne, est l'un des compositeurs les plus célèbres de tous les temps. Il est largement considéré comme l'une des figures majeures de la musique classique.
Beethoven a composé une multitude d'œuvres emblématiques, notamment des symphonies telles que la ""Symphonie n° 9"" avec son ""Chœur de l'Ode à la joie"". Sa musique a marqué une transition entre le classicisme et le romantisme musical, et son talent a transcendé les limites de la surdité dont il souffrait.
Sa vie tumultueuse et sa quête de perfection musicale sont devenues légendaires. Ses compositions continuent d'inspirer des générations de musiciens et de mélomanes à travers le monde. Ludwig van Beethoven est ainsi salué comme l'un des plus grands compositeurs de l'histoire de la musique, et son nom est synonyme de génie musical et d'innovation.",https://upload.wikimedia.org/wikipedia/commons/thumb/6/6f/Beethoven.jpg/800px-Beethoven.jpg,,,,
Piotr Ilitch Tchaïkovski,0060,1840,1893,Russie,Asie,COMPOSITEUR-TRICE,"Piotr Ilitch Tchaïkovski, né en 1840 en Russie, est l'un des compositeurs les plus vénérés de la musique classique russe. Ses œuvres sont reconnues pour leur mélodie captivante et leurs compositions riches.
Tchaïkovski a composé certains des ballets les plus célèbres du répertoire classique, notamment ""Le Lac des cygnes"", ""La Belle au bois dormant"" et ""Casse-Noisette"". Sa musique orchestrale, comme la ""Symphonie n° 5"" et la ""Symphonie n° 6"" (aussi connue sous le nom de ""Pathétique""), est également admirée pour son expressivité.
Sa vie personnelle a été marquée par des défis, y compris sa lutte avec sa propre orientation sexuelle. Cependant, sa musique a laissé un héritage profondément influent. Piotr Ilitch Tchaïkovski est célébré comme l'un des plus grands compositeurs russes de tous les temps, et son nom est synonyme de mélodies envoûtantes et d'émotion musicale intemporelle.",https://upload.wikimedia.org/wikipedia/commons/0/02/Tchaikowsky.jpg,,,,
John Fitzgerald Kennedy,0061,1917,1963,Etats-unis,Amérique du Nord,POLITICIEN-NE,"John Fitzgerald Kennedy, souvent désigné sous les initiales JFK, est l'une des figures les plus emblématiques de l'histoire américaine. Il est né en 1917 à Brookline, Massachusetts, et est devenu le 35e président des États-Unis en 1961.
Kennedy est surtout reconnu pour ses discours inspirants et son engagement en faveur des droits civils et de la lutte contre la pauvreté. Il a également joué un rôle central dans la crise des missiles cubains en 1962, qui a failli déclencher une guerre nucléaire avec l'Union soviétique.
Tragiquement, sa présidence a été écourtée par son assassinat à Dallas, Texas, en 1963. Sa mort a profondément affecté le pays et a marqué le début d'une ère de deuil national.
John F. Kennedy est largement célébré pour sa charismatique présidence, son engagement envers l'exploration spatiale avec le programme Apollo, et son discours historique à Berlin où il a déclaré ""Ich bin ein Berliner"". Son nom reste associé à la vision d'un avenir meilleur et à l'espoir pour un changement positif.",https://upload.wikimedia.org/wikipedia/commons/thumb/c/c3/John_F._Kennedy%2C_White_House_color_photo_portrait.jpg/800px-John_F._Kennedy%2C_White_House_color_photo_portrait.jpg,,,,
Thomas Edison,0062,1847,1931,Etats-unis,Amérique du Nord,INVENTEUR-TRICE,"Thomas Edison, né en 1847 aux États-Unis, est l'un des inventeurs les plus prolifiques de l'histoire. Il est célèbre pour avoir développé de nombreuses innovations qui ont eu un impact majeur sur la vie moderne.
Edison est surtout connu pour son invention de l'ampoule électrique pratique et fonctionnelle, qui a révolutionné l'éclairage domestique et industriel. Il a également contribué au développement du phonographe, qui a permis l'enregistrement et la lecture de sons, ainsi qu'à la création du cinéma avec le kinétoscope.
Ses travaux dans le domaine de l'électricité ont été essentiels pour l'établissement de l'infrastructure électrique moderne. Edison était un inventeur déterminé, tenant à son crédit plus de 1 000 brevets au cours de sa vie.
Son nom est synonyme d'innovation et de persévérance, et Thomas Edison est reconnu comme l'un des plus grands inventeurs de tous les temps, ayant façonné la vie moderne grâce à ses inventions révolutionnaires.",https://upload.wikimedia.org/wikipedia/commons/thumb/9/9d/Thomas_Edison2.jpg/800px-Thomas_Edison2.jpg,,,,
Benjamin Franklin,0063,1706,1790,Etats-unis,Amérique du Nord,POLITICIEN-NE,"Benjamin Franklin, né en 1706 aux États-Unis, est une figure polymathe de l'histoire. Il est célèbre pour avoir mené des expériences sur l'électricité et pour avoir découvert la nature des charges positives et négatives. Ses travaux ont conduit à l'invention du paratonnerre.
Il est également un homme d'État éminent, ayant participé à la rédaction de la Déclaration d'indépendance des États-Unis et à la création de la Constitution américaine. En plus de ses contributions politiques et scientifiques, Franklin était un écrivain talentueux et auteur de ""Poor Richard's Almanack"".
Il a fondé l'une des premières bibliothèques publiques en Amérique et a également créé la première compagnie d'assurance incendie et la première compagnie de pompes à incendie. Benjamin Franklin est une figure incontournable de la Renaissance américaine et son nom est synonyme d'érudition, d'invention et d'innovation.",https://upload.wikimedia.org/wikipedia/commons/thumb/8/87/Joseph_Siffrein_Duplessis_-_Benjamin_Franklin_-_Google_Art_Project.jpg/800px-Joseph_Siffrein_Duplessis_-_Benjamin_Franklin_-_Google_Art_Project.jpg,,,,
Gandhi,0064,1869,1948,Inde,Asie,POLITICIEN-NE,"Mahatma Gandhi, né en 1869 en Inde, est une figure emblématique du mouvement pour l'indépendance indienne et de la lutte non violente pour les droits civils. Il est célèbre pour sa philosophie de la résistance passive et de la désobéissance civile.
Gandhi a dirigé de nombreuses campagnes de protestation pacifiques contre le régime colonial britannique en Inde, dont la plus célèbre est la Marche du Sel en 1930. Son leadership a été essentiel pour obtenir l'indépendance de l'Inde en 1947.
Il est également connu pour ses idéaux de simplicité, de tolérance religieuse et de non-violence. Son nom, ""Mahatma,"" signifie ""âme grande"" en sanskrit, et il est vénéré comme une icône de la paix et de la justice dans le monde entier.
Gandhi a influencé de nombreux mouvements de lutte pour les droits civils et la justice sociale dans le monde entier, et son héritage perdure comme un rappel puissant du pouvoir de la non-violence et de la résistance pacifique pour le changement social.",https://upload.wikimedia.org/wikipedia/commons/thumb/7/7a/Mahatma-Gandhi%2C_studio%2C_1931.jpg/800px-Mahatma-Gandhi%2C_studio%2C_1931.jpg,,,,
Franklin D. Roosevelt,0065,1882,1945,Etats-unis,Amérique du Nord,POLITICIEN-NE,"Franklin D. Roosevelt, né en 1882 aux États-Unis, a été le 32e président du pays de 1933 à 1945. Il est célèbre pour le New Deal, un programme de réformes économiques et sociales pendant la Grande Dépression, et pour son rôle en tant que leader américain pendant la Seconde Guerre mondiale. Son nom reste associé à la gestion de crises majeures de l'histoire américaine.",https://upload.wikimedia.org/wikipedia/commons/4/42/FDR_1944_Color_Portrait.jpg,,,,
Mère Teresa,0066,1910,1997,Albanie,Europe,RELIGIEUX-SE,"Mère Teresa, née en 1910 en Macédoine, est une icône mondiale de la compassion et du dévouement envers les plus démunis. Elle a consacré sa vie à aider les pauvres et les malades, notamment à Calcutta, en Inde, où elle a fondé la congrégation des Missionnaires de la Charité.
Mère Teresa a reçu de nombreux prix pour son travail humanitaire, dont le prix Nobel de la paix en 1979. Elle a inspiré des millions de personnes à travers le monde à œuvrer pour le bien-être des plus vulnérables.
Son nom évoque la bonté, la générosité et l'amour en action, et elle demeure une source d'inspiration pour ceux qui cherchent à faire une différence dans le monde en aidant les moins fortunés.",https://upload.wikimedia.org/wikipedia/commons/e/ef/Mutter_Teresa_von_Kalkutta.jpg,,,,
Salvador Dalí,0067,1904,1989,Espagne,Europe,PEINTRE,"Salvador Dalí, né en 1904 en Espagne, est l'un des artistes surréalistes les plus célèbres du XXe siècle. Son art est connu pour ses images oniriques, ses montres molles et ses paysages surréalistes.
Dalí a été influencé par la psychanalyse et la pensée de Sigmund Freud, ce qui se reflète dans ses œuvres qui explorent les rêves et l'inconscient. Ses peintures, sculptures et écrits ont eu un impact durable sur l'art moderne.
Dalí est également célèbre pour sa personnalité excentrique et son style de vie provocateur. Son nom reste synonyme du mouvement surréaliste et de l'expression artistique libre et audacieuse.",https://upload.wikimedia.org/wikipedia/commons/6/65/Dali_Harcourt_1936.jpg,,,,
Nelson Mandela,0068,1918,2013,Afrique du Sud,Afrique,POLITICIEN-NE,"Nelson Mandela, né en 1918 en Afrique du Sud, est une figure emblématique de la lutte pour l'égalité et la justice. Il a consacré sa vie à combattre l'apartheid, un système de ségrégation raciale en Afrique du Sud.
Mandela a été emprisonné pendant 27 ans pour son engagement en faveur des droits de l'homme et de la fin de l'apartheid. Sa libération en 1990 a marqué le début d'une nouvelle ère en Afrique du Sud.
Il est devenu le premier président noir du pays en 1994, œuvrant pour la réconciliation nationale et l'égalité raciale. Son leadership pacifique et sa quête de justice lui ont valu le prix Nobel de la paix en 1993.
Nelson Mandela est reconnu comme un symbole mondial de la résistance pacifique et de la lutte contre l'oppression. Son nom est synonyme de la quête de l'égalité et de la dignité humaine pour tous.",https://upload.wikimedia.org/wikipedia/commons/0/02/Nelson_Mandela_1994.jpg?uselang=fr,,,,
